{
  "Baseline": {
    "count": 0,
    "time": 0.9279830455780029
  },
  "Synonym": {
    "count": 0,
    "time": 0.9206881523132324
  },
  "Stem Variant": {
    "count": 0,
    "time": 0.8902161121368408
  },
  "Accent Variants": {
    "count": 0,
    "time": 0.904094934463501
  },
  "Combined": {
    "count": 0,
    "time": 0.8551928997039795
  }
}